<?xml version="1.0" encoding="UTF-8"?>
<project-private xmlns="http://www.netbeans.org/ns/project-private/1">
    <editor-bookmarks xmlns="http://www.netbeans.org/ns/editor-bookmarks/2" lastBookmarkId="0"/>
    <open-files xmlns="http://www.netbeans.org/ns/projectui-open-files/2">
        <group>
            <file>file:/D:/temp/Pro3/UniversidadApp/src/com/pucp/app/Main.java</file>
            <file>file:/D:/temp/Pro3/UniversidadApp/src/com/pucp/modelo/Alumno.java</file>
            <file>file:/D:/temp/Pro3/UniversidadApp/src/com/pucp/config/config.properties</file>
            <file>file:/D:/temp/Pro3/UniversidadApp/src/com/pucp/modelo/TIPO_ALUMNO.java</file>
            <file>file:/D:/temp/Pro3/UniversidadApp/src/com/pucp/da/AlumnoCRUD.java</file>
            <file>file:/D:/temp/Pro3/UniversidadApp/src/com/pucp/config/DBManager.java</file>
        </group>
    </open-files>
</project-private>
